{
  "Предостав-ление прочих коммуналь-ных, соци-альных и персональ-ных услуг": {
    "avg": 4.18581168111392,
    "std": 0.497587748433214
  },
  "Перевозки пассажиров автобусов, млн. человек, 2015 г.": {
    "avg": 3.0792749778274358,
    "std": 0.8505052432903288
  },
  "Экспорт со странами  СНГ (в фактически действовавших ценах; млн. долл.США)": {
    "avg": 3.536517422290567,
    "std": 1.8410485205877487
  },
  "Население старше трудоспособного возраста, в % от общей численности населения": {
    "avg": 2.19472857172107,
    "std": 0.12796555232272303
  },
  "Предостав-ление прочих коммунальных, социальных и персональных услуг": {
    "avg": 4.18581168111392,
    "std": 0.497587748433214
  },
  "Плотность автомобильных дорог общего пользования с твердым покрытием, км путей на 1000 км2 территории": {
    "avg": 3.5934367517323653,
    "std": 1.2051323508685483
  },
  "Транспорт и  связь": {
    "avg": 5.3833464630168475,
    "std": 0.6900986919178027
  },
  "Строитель-ство": {
    "avg": 5.156066794109356,
    "std": 0.9053210957101813
  },
  "Численность  населения на 1 января 2016 г.,тыс. человек": {
    "avg": 5.995662067542568,
    "std": 1.3604497838488718
  },
  "Число зарегистрированных преступлений на 100 000 человек населения": {
    "avg": 1679.6705882352942,
    "std": 573.0340383737672
  },
  "Гостиницы и  рестораны": {
    "avg": 4.588495330991421,
    "std": 0.5709078202143496
  },
  "Выдано патентов на полезные модели": {
    "avg": 2.520497638066001,
    "std": 1.0935034586696322
  },
  "Сельское хозяйство, охота и лес-ное хозяй-ство; рыбо-ловство, рыбоводство": {
    "avg": 4.882100015297702,
    "std": 0.6640952163027799
  },
  "Численность зрителей театров на 1000 человек населения человек": {
    "avg": 3.6359393861266334,
    "std": 0.805438619849808
  },
  "Численность российских туристов, отправленных туристскими фирмами в туры по России, на 1000 человек населения, человек": {
    "avg": 1.7673054328849034,
    "std": 0.5825457782233588
  },
  "Число автобусов общего пользования на 100 000 человек населения, штук": {
    "avg": 3.2912495960068435,
    "std": 0.3096897861264925
  },
  "Число посещений музеев  на 1000 человек населения человек": {
    "avg": 4.740871451767621,
    "std": 0.9367242230707777
  },
  "Здравоохранение и предоставление социальных услуг": {
    "avg": 4.759694174167605,
    "std": 0.48412297233390955
  },
  "Число предприятий и организаций на 1000 человек": {
    "avg": 2.2251308852976326,
    "std": 0.25060529309976876
  },
  "Обрабаты-вающие  производства": {
    "avg": 5.354803776108851,
    "std": 0.7690162340959844
  },
  "В % от общего объема отгружен-ных това-ров, вы-полненных работ, услуг": {
    "avg": 1.351543308971932,
    "std": 0.5001901302842168
  },
  "Выдано патентов на изобретения": {
    "avg": 3.2317522755053667,
    "std": 1.344804946765635
  },
  "Здравоохра-нение и предоставле-ние социаль-ных услуг": {
    "avg": 4.759694174167605,
    "std": 0.4841229723339099
  },
  "Производ-ство и рас-пределение электроэнер-гии,  газа и воды": {
    "avg": 5.455056481121234,
    "std": 0.7082291920040347
  },
  "Операции с недвижимым  имуществом,  аренда и  предостав- ление услуг": {
    "avg": 5.588702807950723,
    "std": 0.6485763838960396
  },
  "Удельный вес сельского населения в общей численности населения, в %": {
    "avg": 2.269672402151612,
    "std": 0.38085627704038716
  },
  "Сельское хозяйство, охота и лесное хозяйство; рыболовство, рыбоводство": {
    "avg": 4.882100015297702,
    "std": 0.6640952163027798
  },
  "Население моложе трудоспособного возраста, в % от общей численности населения": {
    "avg": 2.080979081667054,
    "std": 0.09514464934111026
  },
  "Строительство": {
    "avg": 5.156066794109356,
    "std": 0.9053210957101813
  },
  "Численность российских туристов, отправленных туристскими фирмами в зарубежные туры, на 1000 человек населения, человек": {
    "avg": 2.0072525324162647,
    "std": 0.5586127955904691
  },
  "Количество людей с высшим образованием из числа занятых и безработных (тыс.человек)": {
    "avg": 3.8206387803934176,
    "std": 0.9382875153788525
  },
  "Добыча полезных ископаемых": {
    "avg": 6.803428306402426,
    "std": 2.2307190035873434
  },
  "Производство и распределение электроэнергии, газа, воды": {
    "avg": 5.455056481121234,
    "std": 0.7082291920040343
  },
  "Оптовая и  розничная  торговля;  ремонт авто- транспорт- ных средств,  мотоциклов,  бытовых  изделий и  предметов  личного  пользования": {
    "avg": 4.9269069424942655,
    "std": 0.7214782886491612
  },
  "Добыча  полезных  ископаемых": {
    "avg": 6.803428306402426,
    "std": 2.2307190035873425
  },
  "Образование": {
    "avg": 4.2698899938209145,
    "std": 0.37403244082365195
  },
  "Экспорт со странами  дальнего  зарубежья (в фактически действовавших ценах; млн. долл.США)": {
    "avg": 5.287987818899143,
    "std": 2.996123640742107
  },
  "Обрабатывающие производства": {
    "avg": 5.354803776108851,
    "std": 0.7690162340959843
  },
  "Площадь территории, тыс. км2": {
    "avg": 3.108036699826657,
    "std": 1.1475393715295799
  },
  "Другие виды  деятельности": {
    "avg": 0.03973834602127189,
    "std": 0.21037437124789626
  },
  "Удельный вес городского населения в общей численности населения, в %": {
    "avg": 2.882168186494141,
    "std": 0.14945992894295734
  }
}