{
  "Число автобусов общего пользования на 100 000 человек населения, штук": {
    "avg": 3.2912495960068435,
    "std": 0.3096897861264925
  },
  "Выдано патентов на полезные модели": {
    "avg": 2.5204976380660016,
    "std": 1.0935034586696322
  },
  "Строительство": {
    "avg": 5.156066794109356,
    "std": 0.9053210957101813
  },
  "Обрабатывающие производства": {
    "avg": 5.354803776108852,
    "std": 0.7690162340959844
  },
  "Численность населения на 1 января 2016 г.,тыс. человек": {
    "avg": 5.995662067542569,
    "std": 1.360449783848872
  },
  "Экспорт со странами дальнего зарубежья (в фактически действовавших ценах; млн. долл.США)": {
    "avg": 5.287987818899144,
    "std": 2.996123640742107
  },
  "Экспорт со странами СНГ (в фактически действовавших ценах; млн. долл.США)": {
    "avg": 3.536517422290566,
    "std": 1.8410485205877487
  },
  "Выдано патентов на изобретения": {
    "avg": 3.2317522755053667,
    "std": 1.344804946765635
  },
  "Перевозки пассажиров автобусов, млн. Человек": {
    "avg": 3.079274977827436,
    "std": 0.850505243290329
  },
  "Операции снедвижимым имуществом, аренда и предоставление услуг": {
    "avg": 5.588702807950724,
    "std": 0.6485763838960396
  },
  "Удельный вес городского населения в общей численности населения, в %": {
    "avg": 2.8821681864941406,
    "std": 0.14945992894295734
  },
  "Удельный вес сельского населения в общей численности населения, в %": {
    "avg": 2.269672402151612,
    "std": 0.38085627704038716
  },
  "Численность российских туристов, отправленных туристскими фирмами в зарубежные туры, на 1000 человек населения, человек": {
    "avg": 2.0072525324162647,
    "std": 0.5586127955904691
  },
  "Площадь территории, тыс. км2": {
    "avg": 3.108036699826657,
    "std": 1.1475393715295799
  },
  "Предоставление прочих коммунальных, социальных и персональных услуг": {
    "avg": 4.185811681113919,
    "std": 0.497587748433214
  },
  "Плотность автомобильных дорог общего пользования с твердым покрытием, км путей на 1000 км2 территории": {
    "avg": 3.593436751732366,
    "std": 1.2051323508685483
  },
  "Добыча полезных ископаемых": {
    "avg": 6.803428306402428,
    "std": 2.2307190035873425
  },
  "Производство и распределение электроэнергии, газа и воды": {
    "avg": 5.455056481121234,
    "std": 0.7082291920040347
  },
  "Оптовая и розничная торговля; ремонт автотранспортных средств, мотоциклов, бытовых изделий и предметов личного пользования": {
    "avg": 4.926906942494265,
    "std": 0.7214782886491614
  },
  "Число зарегистрированных преступлений на 100 000 человек населения": {
    "avg": 1679.6705882352942,
    "std": 573.0340383737672
  },
  "Численность российских туристов, отправленных туристскими фирмами в туры по России, на 1000 человек населения, человек": {
    "avg": 1.7673054328849038,
    "std": 0.5825457782233588
  },
  "Число предприятий и организаций на 1000 человек": {
    "avg": 2.2251308852976326,
    "std": 0.25060529309976876
  },
  "Образование": {
    "avg": 4.269889993820914,
    "std": 0.37403244082365195
  },
  "Сельское хозяйство, охота и лесное хозяйство; рыболовство, рыбоводство": {
    "avg": 4.882100015297702,
    "std": 0.6640952163027798
  },
  "Транспорт и связь": {
    "avg": 5.383346463016847,
    "std": 0.6900986919178028
  },
  "Население старше трудоспособного возраста, в % от общей численности населения": {
    "avg": 2.1947285717210696,
    "std": 0.12796555232272303
  },
  "Население моложе трудоспособного возраста, в % от общей численности населения": {
    "avg": 2.0809790816670546,
    "std": 0.09514464934111028
  },
  "Количество людей с высшим образованием из числа занятых и безработных (тыс.человек)": {
    "avg": 3.8206387803934176,
    "std": 0.9382875153788526
  },
  "Численность зрителей театров на 1000 человек населения человек": {
    "avg": 3.635939386126632,
    "std": 0.8054386198498081
  },
  "Здравоохранение и предоставление социальных услуг": {
    "avg": 4.7596941741676035,
    "std": 0.4841229723339099
  },
  "Гостиницы и рестораны": {
    "avg": 4.588495330991422,
    "std": 0.5709078202143496
  },
  "% инновационных товаров, работ, услуг от общего объема отгруженных товаров, выполненных работ, услуг": {
    "avg": 1.3515433089719318,
    "std": 0.5001901302842168
  },
  "Число посещений музеев на 1000 человек населения человек": {
    "avg": 4.740871451767621,
    "std": 0.9367242230707779
  },
  "Другие виды деятельности": {
    "avg": 0.03973834602127189,
    "std": 0.21037437124789626
  }
}