{
  "Население старше трудоспособного возраста, в % от общей численности населения": 0.015873015873015872,
  "Выдано патентов на изобретения": 0.047619047619047616,
  "Предоставление прочих коммунальных, социальных и персональных услуг": 0.010989010989010988,
  "Удельный вес городского населения в общей численности населения, в %": 0.015873015873015872,
  "Число автобусов общего пользования на 100 000 человек населения, штук": 0.015873015873015872,
  "Перевозки пассажиров автобусов, млн. Человек": 0.015873015873015872,
  "Число зарегистрированных преступлений на 100 000 человек населения": 0.02857142857142857,
  "Численность зрителей театров на 1000 человек населения человек": 0.02857142857142857,
  "Оптовая и розничная торговля; ремонт автотранспортных средств, мотоциклов, бытовых изделий и предметов личного пользования": 0.010989010989010988,
  "Число посещений музеев на 1000 человек населения человек": 0.02857142857142857,
  "Выдано патентов на полезные модели": 0.047619047619047616,
  "Экспорт со странами дальнего зарубежья (в фактически действовавших ценах; млн. долл.США)": 0.07142857142857142,
  "Образование": 0.010989010989010988,
  "Население моложе трудоспособного возраста, в % от общей численности населения": 0.015873015873015872,
  "Добыча полезных ископаемых": 0.010989010989010988,
  "Другие виды деятельности": 0.010989010989010988,
  "Производство и распределение электроэнергии, газа и воды": 0.010989010989010988,
  "Численность российских туристов, отправленных туристскими фирмами в туры по России, на 1000 человек населения, человек": 0.02857142857142857,
  "Количество людей с высшим образованием из числа занятых и безработных (тыс.человек)": 0.14285714285714285,
  "Численность российских туристов, отправленных туристскими фирмами в зарубежные туры, на 1000 человек населения, человек": 0.02857142857142857,
  "Число предприятий и организаций на 1000 человек": 0.14285714285714285,
  "Строительство": 0.010989010989010988,
  "Удельный вес сельского населения в общей численности населения, в %": 0.015873015873015872,
  "% инновационных товаров, работ, услуг от общего объема отгруженных товаров, выполненных работ, услуг": 0.047619047619047616,
  "Здравоохранение и предоставление социальных услуг": 0.010989010989010988,
  "Площадь территории, тыс. км2": 0.015873015873015872,
  "Операции с недвижимым имуществом, аренда и предоставление услуг": 0.010989010989010988,
  "Обрабатывающие производства": 0.010989010989010988,
  "Гостиницы и рестораны": 0.010989010989010988,
  "Транспорт и связь": 0.010989010989010988,
  "Экспорт со странами СНГ (в фактически действовавших ценах; млн. долл.США)": 0.07142857142857142,
  "Плотность автомобильных дорог общего пользования с твердым покрытием, км путей на 1000 км2 территории": 0.015873015873015872,
  "Численность населения на 1 января 2016 г.,тыс. человек": 0.015873015873015872,
  "Сельское хозяйство, охота и лесное хозяйство; рыболовство, рыбоводство": 0.010989010989010988
}