{
  "Владимирская область": 0.6504563396169079,
  "Республика Ингушетия": 4.093040766166811,
  "Пензенская область": 0.8647794834154542,
  "Алтайский край": 0.4602727813828629,
  "Камчатский край": 1.6187363162934152,
  "Республика Карелия": 0.9380262248013546,
  "Республика Татарстан": 0.5508011707747192,
  "Чукотский автономный округ": 5.453272998640477,
  "Чеченская Республика": 3.6907624019265577,
  "Республика Хакасия": 1.1186791280119548,
  "Республика Тыва": 3.1445061511871835,
  "Орловская область": 0.906744641125507,
  "Амурская область": 1.149114157023937,
  "Нижегородская область": 0.339367940319456,
  "Ленинградская область": 0.6637011723269983,
  "Республика Бурятия": 0.9186237066078126,
  "Новгородская область": 0.9680454769642481,
  "Белгородская область": 0.48976156193624654,
  "Чувашская Республика": 1.5779068883047334,
  "Воронежская область": 0.39652483002626926,
  "Республика Саха (Якутия)": 0.9454989393371842,
  "Омская область": 0.4050190394603451,
  "Вологодская область": 0.5351517633138758,
  "Тюменская область": 1.5558056303078498,
  "Республика Крым": 2.8267529972303054,
  "Псковская область": 1.219278692343184,
  "Рязанская область": 0.7434817475604091,
  "Республика Алтай": 2.158533475296574,
  "Приморский край": 0.5276059805105251,
  "Кировская область": 0.4867064863743371,
  "Тульская область": 0.5913794905125429,
  "Ямало-Ненецкий автономный округ": 2.9793271540675326,
  "Курская область": 0.6250052687531706,
  "г. Москва": 7.651705090381053,
  "Пермский край": 0.0,
  "Ростовская область": 0.4053596367925072,
  "Карачаево-Черкесская Республика": 2.58722777295316,
  "Республика Северная Осетия-Алания": 1.7693260394153159,
  "Архангельская область": 1.5525045710666299,
  "Свердловская область": 0.4549712914044663,
  "Республика Адыгея": 2.416602314023289,
  "Магаданская область": 2.1671191548026036,
  "Томская область": 0.5123720291007515,
  "Республика Башкортостан": 0.40680757212236596,
  "Московская область": 1.4174816938032275,
  "Республика Марий Эл": 1.066086080350852,
  "Иркутская область": 0.20791251325489762,
  "Республика Мордовия": 1.055484298227706,
  "Тверская область": 0.6437814740140999,
  "Липецкая область": 0.726140548188029,
  "Краснодарский край": 0.5562985443267192,
  "Тамбовская область": 1.3199692134684207,
  "Костромская область": 0.9719595003760418,
  "г. Санкт-Петербург": 2.714011242004903,
  "Сахалинская область": 1.7529427977434107,
  "Республика Калмыкия": 2.676433524617396,
  "Удмуртская Республика": 0.38183404624415546,
  "Калужская область": 0.7192391652020124,
  "Волгоградская область": 0.4193546479135294,
  "Ставропольский край": 0.6847147490800307,
  "Кемеровская область": 0.39170752816138277,
  "Ненецкий автономный округ": 5.484262019335506,
  "Республика Коми": 0.6961337826633076,
  "Мурманская область": 0.96465726378889,
  "Курганская область": 0.8970225269563571,
  "г. Севастополь": 3.0563936831998535,
  "Республика Дагестан": 2.0733254504529475,
  "Брянская область": 0.9408723249307548,
  "Кабардино-Балкарская Республика": 1.8818957871346,
  "Ульяновская область": 0.6763408096810383,
  "Красноярский край": 0.3444441522071499,
  "Челябинская область": 0.27052881315394783,
  "Самарская область": 0.34080174299096916,
  "Смоленская область": 0.6858176003674451,
  "Еврейская автономная область": 2.546454252887224,
  "Ярославская область": 0.532094358412968,
  "Ивановская область": 0.8105507152566109,
  "Ханты-Мансийский автономный округ-Югра": 0.8533851441709276,
  "Саратовская область": 0.4451587869089655,
  "Оренбургская область": 0.5939977818807926,
  "Хабаровский край": 0.9500634147335082,
  "Калининградская область": 0.8921434949487858,
  "Новосибирская область": 0.5100866408752636,
  "Астраханская область": 0.8439044048178419,
  "Забайкальский край": 1.522365403771193
}