{
  "Ульяновская область": 0.699327061678173,
  "Республика Башкортостан": 0.42060614350455233,
  "Архангельская область": 1.5808315627176253,
  "Карачаево-Черкесская Республика": 2.6618842156822002,
  "Омская область": 0.4071736940028931,
  "Нижегородская область": 0.357923233169201,
  "Алтайский край": 0.48889646899998757,
  "Республика Карелия": 0.9487154596877588,
  "Пензенская область": 0.906262578499382,
  "Республика Калмыкия": 2.7351336142522302,
  "Астраханская область": 0.8439220107907273,
  "Ивановская область": 0.8179105997344659,
  "Республика Хакасия": 1.1250521791554058,
  "Магаданская область": 2.1699560694908997,
  "Мурманская область": 1.0062913996117753,
  "Сахалинская область": 1.7797294618509774,
  "Амурская область": 1.1911081687897294,
  "г. Санкт-Петербург": 2.8306027434380647,
  "Оренбургская область": 0.6261812356393875,
  "г. Москва": 7.774152950923783,
  "Ставропольский край": 0.7534885590689323,
  "Воронежская область": 0.41990125957009866,
  "Курская область": 0.646018200259719,
  "Волгоградская область": 0.44036185572690145,
  "Республика Мордовия": 1.060969300058567,
  "Красноярский край": 0.34582874079928094,
  "Белгородская область": 0.5307599707782577,
  "Забайкальский край": 1.5545206922391386,
  "Республика Коми": 0.7187925792474653,
  "Костромская область": 0.9720812003279005,
  "Республика Ингушетия": 3.9794400213062775,
  "Брянская область": 0.9631956457322903,
  "Республика Алтай": 2.2255036979317797,
  "Республика Бурятия": 0.9277259307467378,
  "Калининградская область": 0.91170921738726,
  "Иркутская область": 0.21903393420537892,
  "Свердловская область": 0.48101251721354477,
  "Калужская область": 0.7340854382421018,
  "Вологодская область": 0.5684856987003607,
  "Новосибирская область": 0.5197338428349126,
  "Самарская область": 0.3461217494354962,
  "Чувашская Республика": 1.578182400393986,
  "Саратовская область": 0.45324435622985065,
  "Кировская область": 0.518208793852572,
  "Камчатский край": 1.629454359137825,
  "Псковская область": 1.2604728123619904,
  "Чеченская Республика": 3.7191149536726757,
  "Хабаровский край": 1.0736206120073337,
  "Республика Марий Эл": 1.0683589697582745,
  "Приморский край": 0.534433883562127,
  "Республика Крым": 2.843326166641817,
  "Республика Адыгея": 2.471885242419559,
  "Липецкая область": 0.7525395072240689,
  "Ханты-Мансийский автономный округ-Югра": 0.8848045763528741,
  "Новгородская область": 1.011742128333646,
  "Ярославская область": 0.5388611759315106,
  "Ленинградская область": 0.7111275758320265,
  "Томская область": 0.5211924665487656,
  "г. Севастополь": 3.0570474519628656,
  "Тюменская область": 1.565756615974786,
  "Рязанская область": 0.7528204322107579,
  "Тверская область": 0.6542261489874661,
  "Республика Дагестан": 2.125669844766143,
  "Кабардино-Балкарская Республика": 1.9358147958994476,
  "Республика Северная Осетия-Алания": 1.776869506487714,
  "Смоленская область": 0.7375895269986459,
  "Еврейская автономная область": 2.6259790181099874,
  "Тульская область": 0.5989469623011329,
  "Удмуртская Республика": 0.3850547459892278,
  "Кемеровская область": 0.4122521866542496,
  "Челябинская область": 0.28152296162212015,
  "Курганская область": 0.9312972618401016,
  "Республика Татарстан": 0.5606024024655644,
  "Республика Тыва": 3.2042797353244006,
  "Республика Саха (Якутия)": 0.9597781136123036,
  "Чукотский автономный округ": 5.0723272431335005,
  "Тамбовская область": 1.3394106825464605,
  "Ямало-Ненецкий автономный округ": 2.732452105398637,
  "Московская область": 1.4550274686042963,
  "Краснодарский край": 0.616619602689286,
  "Ростовская область": 0.43954545465757083,
  "Пермский край": 0.0,
  "Ненецкий автономный округ": 5.243414208312705,
  "Орловская область": 0.920971178014322,
  "Владимирская область": 0.6911203743336815
}