{
  "Курская область": 0.6250052687531708,
  "Республика Саха (Якутия)": 0.9454989393371843,
  "Курганская область": 0.8970225269563572,
  "г. Севастополь": 3.056393683199852,
  "Приморский край": 0.5276059805105251,
  "Тюменская область": 1.55580563030785,
  "г. Санкт-Петербург": 2.7140112420049034,
  "Республика Адыгея": 2.4166023140232893,
  "Костромская область": 0.9719595003760422,
  "Республика Карелия": 0.9380262248013547,
  "Магаданская область": 2.1671191548026036,
  "Республика Тыва": 3.144506151187185,
  "Волгоградская область": 0.41935464791352944,
  "Владимирская область": 0.6504563396169077,
  "Ярославская область": 0.5320943584129681,
  "Ивановская область": 0.810550715256611,
  "Самарская область": 0.3408017429909691,
  "Тульская область": 0.5913794905125429,
  "Камчатский край": 1.6187363162934152,
  "Республика Алтай": 2.158533475296575,
  "Амурская область": 1.1491141570239372,
  "Калининградская область": 0.892143494948786,
  "Республика Башкортостан": 0.406807572122366,
  "Омская область": 0.40501903946034523,
  "Мурманская область": 0.9646572637888903,
  "Брянская область": 0.9408723249307549,
  "Тамбовская область": 1.3199692134684209,
  "Республика Ингушетия": 4.09304076616681,
  "Республика Дагестан": 2.073325450452948,
  "Карачаево-Черкесская Республика": 2.5872277729531596,
  "Забайкальский край": 1.522365403771193,
  "Свердловская область": 0.45497129140446624,
  "Ростовская область": 0.40535963679250725,
  "Смоленская область": 0.685817600367445,
  "Республика Марий Эл": 1.0660860803508518,
  "Челябинская область": 0.27052881315394783,
  "Липецкая область": 0.7261405481880289,
  "Новосибирская область": 0.5100866408752636,
  "Воронежская область": 0.39652483002626926,
  "Краснодарский край": 0.5562985443267193,
  "Сахалинская область": 1.7529427977434116,
  "Псковская область": 1.219278692343184,
  "Удмуртская Республика": 0.3818340462441555,
  "Ленинградская область": 0.6637011723269982,
  "Ненецкий автономный округ": 5.4842620193355085,
  "Пензенская область": 0.8647794834154544,
  "Оренбургская область": 0.5939977818807927,
  "Чеченская Республика": 3.6907624019265586,
  "Еврейская автономная область": 2.5464542528872243,
  "Архангельская область": 1.5525045710666303,
  "Республика Хакасия": 1.1186791280119552,
  "Московская область": 1.4174816938032275,
  "Республика Бурятия": 0.9186237066078125,
  "Ульяновская область": 0.6763408096810384,
  "Саратовская область": 0.4451587869089655,
  "Республика Мордовия": 1.0554842982277062,
  "г. Москва": 7.6517050903810535,
  "Республика Крым": 2.8267529972303054,
  "Ямало-Ненецкий автономный округ": 2.979327154067533,
  "Кировская область": 0.4867064863743372,
  "Кабардино-Балкарская Республика": 1.8818957871345998,
  "Красноярский край": 0.34444415220714997,
  "Республика Коми": 0.6961337826633076,
  "Вологодская область": 0.5351517633138759,
  "Астраханская область": 0.8439044048178421,
  "Томская область": 0.5123720291007515,
  "Калужская область": 0.7192391652020125,
  "Ханты-Мансийский автономный округ-Югра": 0.8533851441709274,
  "Алтайский край": 0.4602727813828629,
  "Чувашская Республика": 1.5779068883047338,
  "Пермский край": 0.0,
  "Новгородская область": 0.968045476964248,
  "Республика Северная Осетия-Алания": 1.7693260394153156,
  "Иркутская область": 0.2079125132548977,
  "Чукотский автономный округ": 5.453272998640474,
  "Орловская область": 0.9067446411255072,
  "Нижегородская область": 0.33936794031945605,
  "Республика Калмыкия": 2.6764335246173965,
  "Рязанская область": 0.7434817475604094,
  "Хабаровский край": 0.9500634147335085,
  "Тверская область": 0.6437814740140999,
  "Белгородская область": 0.4897615619362467,
  "Кемеровская область": 0.3917075281613827,
  "Республика Татарстан": 0.5508011707747192,
  "Ставропольский край": 0.6847147490800307
}