{
  "Томская область": 0.5123720291007515,
  "Ямало-Ненецкий автономный округ": 2.979327154067533,
  "Челябинская область": 0.270528813153948,
  "Чеченская Республика": 3.690762401926558,
  "Саратовская область": 0.4451587869089653,
  "Хабаровский край": 0.9500634147335085,
  "Курганская область": 0.8970225269563569,
  "Республика Крым": 2.8267529972303063,
  "Белгородская область": 0.48976156193624626,
  "Тамбовская область": 1.319969213468421,
  "Амурская область": 1.149114157023937,
  "г. Севастополь": 3.056393683199853,
  "Кабардино-Балкарская Республика": 1.8818957871345998,
  "Красноярский край": 0.34444415220715047,
  "Рязанская область": 0.7434817475604091,
  "Республика Мордовия": 1.055484298227706,
  "Новгородская область": 0.9680454769642485,
  "Республика Дагестан": 2.073325450452948,
  "Краснодарский край": 0.5562985443267194,
  "Липецкая область": 0.7261405481880293,
  "Тверская область": 0.6437814740140998,
  "Курская область": 0.6250052687531708,
  "Тульская область": 0.591379490512543,
  "Республика Башкортостан": 0.40680757212236607,
  "Сахалинская область": 1.752942797743412,
  "Ненецкий автономный округ": 5.484262019335508,
  "Омская область": 0.40501903946034545,
  "Еврейская автономная область": 2.5464542528872247,
  "Магаданская область": 2.1671191548026045,
  "Республика Калмыкия": 2.6764335246173974,
  "Республика Карелия": 0.9380262248013549,
  "Брянская область": 0.9408723249307551,
  "Республика Марий Эл": 1.0660860803508518,
  "Ивановская область": 0.8105507152566106,
  "Алтайский край": 0.4602727813828631,
  "Калининградская область": 0.892143494948786,
  "Республика Северная Осетия - Алания": 1.7693260394153156,
  "Забайкальский край": 1.5223654037711927,
  "Ярославская область": 0.5320943584129683,
  "Республика Алтай": 2.158533475296574,
  "Московская область": 1.4174816938032282,
  "Ставропольский край": 0.6847147490800307,
  "Республика Саха (Якутия)": 0.9454989393371848,
  "Республика Адыгея": 2.4166023140232893,
  "Псковская область": 1.2192786923431838,
  "Новосибирская область": 0.5100866408752635,
  "Кемеровская область": 0.39170752816138266,
  "Орловская область": 0.9067446411255069,
  "Воронежская область": 0.3965248300262692,
  "Ростовская область": 0.40535963679250747,
  "Республика Тыва": 3.1445061511871844,
  "Астраханская область": 0.843904404817842,
  "Тюменская область": 1.5558056303078494,
  "Нижегородская область": 0.33936794031945616,
  "Мурманская область": 0.9646572637888899,
  "Кировская область": 0.4867064863743371,
  "Владимирская область": 0.6504563396169079,
  "Пермский край": 0.0,
  "Ленинградская область": 0.6637011723269984,
  "Пензенская область": 0.864779483415454,
  "Волгоградская область": 0.4193546479135295,
  "Оренбургская область": 0.5939977818807927,
  "Республика Бурятия": 0.9186237066078125,
  "Республика Хакасия": 1.1186791280119548,
  "Республика Ингушетия": 4.093040766166811,
  "Ханты-Мансийский автономный округ - Югра": 0.853385144170927,
  "Ульяновская область": 0.6763408096810384,
  "Смоленская область": 0.685817600367445,
  "Республика Коми": 0.6961337826633077,
  "Камчатский край": 1.6187363162934156,
  "Республика Татарстан": 0.5508011707747195,
  "Иркутская область": 0.20791251325489765,
  "г. Москва": 7.651705090381052,
  "Карачаево-Черкесская Республика": 2.58722777295316,
  "Архангельская область": 1.5525045710666303,
  "Чувашская Республика": 1.5779068883047334,
  "Приморский край": 0.5276059805105251,
  "г. Санкт-Петербург": 2.7140112420049034,
  "Костромская область": 0.9719595003760418,
  "Вологодская область": 0.5351517633138758,
  "Самарская область": 0.3408017429909692,
  "Калужская область": 0.7192391652020126,
  "Чукотский автономный округ": 5.453272998640477,
  "Свердловская область": 0.4549712914044664,
  "Удмуртская Республика": 0.3818340462441556
}