{
  "Новосибирская область": 0.5100866408752636,
  "Республика Карелия": 0.9380262248013546,
  "Ямало-Ненецкий автономный округ": 2.9793271540675326,
  "Алтайский край": 0.4602727813828629,
  "Ярославская область": 0.532094358412968,
  "Белгородская область": 0.4897615619362467,
  "Кемеровская область": 0.3917075281613828,
  "Воронежская область": 0.3965248300262692,
  "Новгородская область": 0.9680454769642479,
  "Архангельская область": 1.5525045710666299,
  "Карачаево-Черкесская Республика": 2.58722777295316,
  "Московская область": 1.4174816938032273,
  "Республика Хакасия": 1.1186791280119552,
  "Липецкая область": 0.726140548188029,
  "Краснодарский край": 0.5562985443267192,
  "Калужская область": 0.7192391652020124,
  "Рязанская область": 0.7434817475604091,
  "Ненецкий автономный округ": 5.484262019335508,
  "г. Москва": 7.651705090381055,
  "Волгоградская область": 0.4193546479135295,
  "Тюменская область": 1.5558056303078498,
  "Республика Дагестан": 2.0733254504529475,
  "Орловская область": 0.906744641125507,
  "Вологодская область": 0.5351517633138759,
  "Ивановская область": 0.8105507152566109,
  "Тульская область": 0.5913794905125429,
  "Ленинградская область": 0.6637011723269983,
  "Республика Бурятия": 0.9186237066078125,
  "Астраханская область": 0.8439044048178419,
  "Республика Северная Осетия-Алания": 1.769326039415316,
  "Псковская область": 1.219278692343184,
  "Мурманская область": 0.96465726378889,
  "Ульяновская область": 0.6763408096810384,
  "Иркутская область": 0.20791251325489762,
  "г. Севастополь": 3.056393683199853,
  "Приморский край": 0.527605980510525,
  "Забайкальский край": 1.522365403771193,
  "Хабаровский край": 0.9500634147335083,
  "Республика Алтай": 2.1585334752965744,
  "Камчатский край": 1.6187363162934152,
  "Смоленская область": 0.6858176003674451,
  "Республика Адыгея": 2.4166023140232893,
  "Томская область": 0.5123720291007515,
  "Нижегородская область": 0.339367940319456,
  "Республика Марий Эл": 1.066086080350852,
  "Владимирская область": 0.6504563396169077,
  "Пермский край": 0.0,
  "Кировская область": 0.4867064863743371,
  "Амурская область": 1.149114157023937,
  "Ханты-Мансийский автономный округ-Югра": 0.8533851441709275,
  "Челябинская область": 0.27052881315394783,
  "г. Санкт-Петербург": 2.7140112420049034,
  "Магаданская область": 2.1671191548026036,
  "Республика Мордовия": 1.0554842982277062,
  "Калининградская область": 0.8921434949487859,
  "Чувашская Республика": 1.5779068883047331,
  "Красноярский край": 0.34444415220714975,
  "Кабардино-Балкарская Республика": 1.8818957871346,
  "Республика Калмыкия": 2.6764335246173965,
  "Костромская область": 0.9719595003760418,
  "Республика Коми": 0.6961337826633075,
  "Республика Татарстан": 0.5508011707747192,
  "Курская область": 0.6250052687531708,
  "Свердловская область": 0.45497129140446624,
  "Республика Крым": 2.826752997230306,
  "Брянская область": 0.9408723249307548,
  "Республика Тыва": 3.1445061511871835,
  "Пензенская область": 0.8647794834154542,
  "Тамбовская область": 1.3199692134684209,
  "Курганская область": 0.8970225269563572,
  "Омская область": 0.40501903946034523,
  "Тверская область": 0.6437814740140999,
  "Республика Ингушетия": 4.093040766166811,
  "Еврейская автономная область": 2.546454252887224,
  "Республика Саха (Якутия)": 0.9454989393371845,
  "Чеченская Республика": 3.6907624019265586,
  "Оренбургская область": 0.5939977818807924,
  "Самарская область": 0.34080174299096916,
  "Саратовская область": 0.4451587869089655,
  "Удмуртская Республика": 0.38183404624415557,
  "Ростовская область": 0.4053596367925072,
  "Чукотский автономный округ": 5.453272998640474,
  "Сахалинская область": 1.7529427977434109,
  "Республика Башкортостан": 0.4068075721223659,
  "Ставропольский край": 0.6847147490800308
}