{
  "Калужская область": 159.227,
  "Республика Тыва": 42.819,
  "Костромская область": 90.387,
  "Тверская область": 195.655,
  "Липецкая область": 182.75300000000001,
  "Чувашская Республика": 205.48000000000002,
  "Республика Марий Эл": 105.90799999999999,
  "Ненецкий автономный округ": 5.42,
  "Брянская область": 178.126,
  "Чукотский автономный округ": 8.545,
  "Ленинградская область": 264.67,
  "Республика Мордовия": 154.739,
  "Республика Саха (Якутия)": 166.47899999999998,
  "Саратовская область": 413.314,
  "Ростовская область": 681.408,
  "г. Санкт-Петербург": 1285.022,
  "Республика Крым": 316.43500000000006,
  "Омская область": 292.41600000000005,
  "Ульяновская область": 178.98999999999998,
  "Воронежская область": 371.86999999999995,
  "Пермский край": 349.70000000000005,
  "г. Москва": 3425.651,
  "Свердловская область": 676.865,
  "Архангельская область": 155.984,
  "Ставропольский край": 500.15099999999995,
  "Астраханская область": 173.813,
  "Ивановская область": 159.589,
  "Курская область": 200.327,
  "Республика Хакасия": 74.36700000000002,
  "Алтайский край": 352.96500000000003,
  "Нижегородская область": 578.844,
  "Белгородская область": 252.779,
  "Ярославская область": 201.423,
  "Рязанская область": 165.839,
  "Сахалинская область": 86.79,
  "Магаданская область": 32.166,
  "Оренбургская область": 276.80400000000003,
  "Кемеровская область": 405.844,
  "Приморский край": 347.99,
  "Владимирская область": 209.926,
  "Орловская область": 132.16,
  "Удмуртская Республика": 212.50800000000004,
  "Краснодарский край": 825.648,
  "Кабардино-Балкарская Республика": 137.265,
  "Республика Адыгея": 75.44000000000001,
  "Красноярский край": 444.272,
  "Новосибирская область": 505.16400000000004,
  "Республика Дагестан": 408.51,
  "Республика Ингушетия": 68.887,
  "Псковская область": 93.87700000000001,
  "Забайкальский край": 128.76000000000002,
  "Мурманская область": 157.92,
  "Тамбовская область": 140.04999999999998,
  "Смоленская область": 177.025,
  "Волгоградская область": 424.26800000000003,
  "Пензенская область": 217.992,
  "Калининградская область": 171.04000000000002,
  "Хабаровский край": 252.10899999999998,
  "Челябинская область": 593.19,
  "Самарская область": 661.9619999999999,
  "Кировская область": 173.149,
  "Республика Коми": 132.33599999999998,
  "Еврейская автономная область": 20.302,
  "Республика Татарстан": 713.5900000000001,
  "Камчатский край": 75.116,
  "Вологодская область": 164.54500000000002,
  "Карачаево-Черкесская Республика": 103.864,
  "Тульская область": 239.64600000000002,
  "Ханты-Мансийский автономный округ-Югра": 353.475,
  "Томская область": 178.608,
  "Республика Северная Осетия-Алания": 135.672,
  "Новгородская область": 83.735,
  "г. Севастополь": 92.669,
  "Амурская область": 128.07999999999998,
  "Республика Калмыкия": 55.654999999999994,
  "Республика Бурятия": 153.33800000000002,
  "Республика Карелия": 95.58299999999998,
  "Иркутская область": 378.351,
  "Московская область": 1757.4740000000002,
  "Тюменская область": 226.744,
  "Республика Башкортостан": 565.033,
  "Республика Алтай": 30.959999999999997,
  "Курганская область": 135.088,
  "Чеченская Республика": 145.8,
  "Ямало-Ненецкий автономный округ": 118.33200000000001
}