{
  "Экспорт со странами  дальнего  зарубежья (в фактически действовавших ценах; млн. долл.США)": 8.651433575244571,
  "Население старше трудоспособного возраста, в % от общей численности населения": -1.3086234143991606,
  "Обрабатывающие производства": 1.646171704916209,
  "Предостав-ление прочих коммунальных, социальных и персональных услуг": 2.273122575859467,
  "Экспорт со странами  СНГ (в фактически действовавших ценах; млн. долл.США)": 7.810147457590151,
  "Площадь территории, тыс. км2": 5.024070816927785,
  "Численность российских туристов, отправленных туристскими фирмами в зарубежные туры, на 1000 человек населения, человек": 3.93645575807782,
  "Численность  населения на 1 января 2016 г.,тыс. человек": 3.2800809232454444,
  "Добыча полезных ископаемых": 3.8768774747758004,
  "Население моложе трудоспособного возраста, в % от общей численности населения": 1.980624025397446,
  "Строительство": 6.329202896282792,
  "Образование": 1.9682785543851387,
  "Численность зрителей театров на 1000 человек населения человек": 1.951879888167257,
  "Выдано патентов на изобретения": 7.680877870028521,
  "В % от общего объема отгружен-ных това-ров, вы-полненных работ, услуг": 1.2413230157977586,
  "Перевозки пассажиров автобусов, млн. человек, 2015 г.": 3.9459471333417917,
  "Добыча  полезных  ископаемых": 3.876877474775802,
  "Выдано патентов на полезные модели": 6.232917844233767,
  "Удельный вес сельского населения в общей численности населения, в %": 0.5195727294158536,
  "Сельское хозяйство, охота и лесное хозяйство; рыболовство, рыбоводство": 3.5864571347544545,
  "Число предприятий и организаций на 1000 человек": 2.423650983578745,
  "Количество людей с высшим образованием из числа занятых и безработных (тыс.человек)": 5.1156698444719595,
  "Строитель-ство": 6.3292028962827915,
  "Гостиницы и  рестораны": 2.61634612424973,
  "Число зарегистрированных преступлений на 100 000 человек населения": 0.08143700529953896,
  "Удельный вес городского населения в общей численности населения, в %": -0.5195727294158589,
  "Численность российских туристов, отправленных туристскими фирмами в туры по России, на 1000 человек населения, человек": 4.570879518731256,
  "Здравоохранение и предоставление социальных услуг": 2.3201161074155294,
  "Операции с недвижимым  имуществом,  аренда и  предостав- ление услуг": 2.664105860285249,
  "Транспорт и  связь": 2.746388186587336,
  "Другие виды  деятельности": 9.159241561379778,
  "Обрабаты-вающие  производства": 1.6461717049162041,
  "Здравоохра-нение и предоставле-ние социаль-ных услуг": 2.320116107415532,
  "Плотность автомобильных дорог общего пользования с твердым покрытием, км путей на 1000 км2 территории": 3.9496190553202917,
  "Производство и распределение электроэнергии, газа, воды": 5.215855553309791,
  "Предостав-ление прочих коммуналь-ных, соци-альных и персональ-ных услуг": 2.273122575859464,
  "Число посещений музеев  на 1000 человек населения человек": 3.794997943319655,
  "Оптовая и  розничная  торговля;  ремонт авто- транспорт- ных средств,  мотоциклов,  бытовых  изделий и  предметов  личного  пользования": 7.11494681994361,
  "Число автобусов общего пользования на 100 000 человек населения, штук": 1.7322631022585588,
  "Сельское хозяйство, охота и лес-ное хозяй-ство; рыбо-ловство, рыбоводство": 3.5864571347544576,
  "Производ-ство и рас-пределение электроэнер-гии,  газа и воды": 5.215855553309787
}