{
  "Добыча полезных ископаемых": 0.5537523095019297,
  "Образование": 1.3049619084006756,
  "Выдано патентов на полезные модели": 0.4368213200940487,
  "Операции с недвижимым имуществом, аренда и предоставление услуг": 1.2842139043647824,
  "Численность российских туристов, отправленных туристскими фирмами в зарубежные туры, на 1000 человек населения, человек": -0.45857346927680465,
  "Численность населения на 1 января 2016 г.,тыс. человек": 0.3212270433878061,
  "Обрабатывающие производства": 0.17762360849125938,
  "Число зарегистрированных преступлений на 100 000 человек населения": 0.08143700529953897,
  "Строительство": 1.7571241080656337,
  "Гостиницы и рестораны": 0.5888399382627404,
  "Удельный вес городского населения в общей численности населения, в %": -1.161618255689902,
  "Транспорт и связь": 0.9200678118830713,
  "Население моложе трудоспособного возраста, в % от общей численности населения": 1.4420137107623747,
  "Численность зрителей театров на 1000 человек населения человек": -3.0964281201098087,
  "Перевозки пассажиров автобусов, млн. Человек": 0.3353098853425954,
  "Выдано патентов на изобретения": 0.7469623070070832,
  "Экспорт со странами дальнего зарубежья (в фактически действовавших ценах; млн. долл.США)": 1.2277749361643548,
  "Число посещений музеев на 1000 человек населения человек": 1.1517349532684211,
  "Сельское хозяйство, охота и лесное хозяйство; рыболовство, рыбоводство": 1.506631462236876,
  "Здравоохранение и предоставление социальных услуг": 1.6438645196520316,
  "Плотность автомобильных дорог общего пользования с твердым покрытием, км путей на 1000 км2 территории": 0.020934541068339845,
  "Площадь территории, тыс. км2": 1.2243996683076839,
  "Предоставление прочих коммунальных, социальных и персональных услуг": 1.3340661672113048,
  "Количество людей с высшим образованием из числа занятых и безработных (тыс.человек)": 0.9126872336436692,
  "Производство и распределение электроэнергии, газа и воды": 1.3439689850532075,
  "Число предприятий и организаций на 1000 человек": 0.1282159131250336,
  "Население старше трудоспособного возраста, в % от общей численности населения": -1.7694276354864078,
  "Число автобусов общего пользования на 100 000 человек населения, штук": 0.7489888717717798,
  "Другие виды деятельности": 6.4232116299768105,
  "Удельный вес сельского населения в общей численности населения, в %": -2.949391732779457,
  "Экспорт со странами СНГ (в фактически действовавших ценах; млн. долл.США)": 0.7398918532089286,
  "Численность российских туристов, отправленных туристскими фирмами в туры по России, на 1000 человек населения, человек": -0.4193361185824451,
  "% инновационных товаров, работ, услуг от общего объема отгруженных товаров, выполненных работ, услуг": -0.508710734078518,
  "Оптовая и розничная торговля; ремонт автотранспортных средств, мотоциклов, бытовых изделий и предметов личного пользования": 3.0546795533459066
}