{
  "Образование": {
    "avg": 4.269889993820914,
    "std": 0.37403244082365195
  },
  "% инновационных товаров, работ, услуг от общего объема отгруженных товаров, выполненных работ, услуг": {
    "avg": 1.5447760461993127,
    "std": 0.7017760686196031
  },
  "Выдано патентов на изобретения": {
    "avg": 3.2317522755053663,
    "std": 1.3448049467656347
  },
  "Предоставление прочих коммунальных, социальных и персональных услуг": {
    "avg": 4.18581168111392,
    "std": 0.497587748433214
  },
  "Численность населения на 1 января 2016 г.,тыс. человек": {
    "avg": 5.995662067542568,
    "std": 1.3604497838488718
  },
  "Удельный вес сельского населения в общей численности населения, в %": {
    "avg": 29.923529411764704,
    "std": 13.345364007191002
  },
  "Здравоохранение и предоставление социальных услуг": {
    "avg": 4.7596941741676035,
    "std": 0.48412297233390994
  },
  "Другие виды деятельности": {
    "avg": 0.03973834602127189,
    "std": 0.21037437124789626
  },
  "Численность российских туристов, отправленных туристскими фирмами в туры по России, на 1000 человек населения, человек": {
    "avg": 1.7673054328849038,
    "std": 0.582545778223359
  },
  "Перевозки пассажиров автобусов, млн. Человек": {
    "avg": 3.0792749778274358,
    "std": 0.8505052432903288
  },
  "Население моложе трудоспособного возраста, в % от общей численности населения": {
    "avg": 2.0809790816670546,
    "std": 0.09514464934111026
  },
  "Операции с недвижимым имуществом, аренда и предоставление услуг": {
    "avg": 5.588702807950723,
    "std": 0.6485763838960394
  },
  "Транспорт и связь": {
    "avg": 5.383346463016847,
    "std": 0.6900986919178028
  },
  "Плотность автомобильных дорог общего пользования с твердым покрытием, км путей на 1000 км2 территории": {
    "avg": 3.5934367517323653,
    "std": 1.2051323508685483
  },
  "Экспорт со странами СНГ (в фактически действовавших ценах; млн. долл.США)": {
    "avg": 3.536517422290567,
    "std": 1.8410485205877487
  },
  "Гостиницы и рестораны": {
    "avg": 4.588495330991422,
    "std": 0.5709078202143495
  },
  "Оптовая и розничная торговля; ремонт автотранспортных средств, мотоциклов, бытовых изделий и предметов личного пользования": {
    "avg": 4.926906942494266,
    "std": 0.7214782886491614
  },
  "Обрабатывающие производства": {
    "avg": 5.3548037761088505,
    "std": 0.7690162340959844
  },
  "Экспорт со странами дальнего зарубежья (в фактически действовавших ценах; млн. долл.США)": {
    "avg": 5.287987818899144,
    "std": 2.996123640742107
  },
  "Строительство": {
    "avg": 5.156066794109356,
    "std": 0.9053210957101813
  },
  "Число посещений музеев на 1000 человек населения человек": {
    "avg": 4.740871451767621,
    "std": 0.9367242230707779
  },
  "Численность российских туристов, отправленных туристскими фирмами в зарубежные туры, на 1000 человек населения, человек": {
    "avg": 2.5811173048908427,
    "std": 0.8994285112562387
  },
  "Число зарегистрированных преступлений на 100 000 человек населения": {
    "avg": 1679.6705882352942,
    "std": 573.0340383737672
  },
  "Производство и распределение электроэнергии, газа и воды": {
    "avg": 5.455056481121234,
    "std": 0.7082291920040347
  },
  "Сельское хозяйство, охота и лесное хозяйство; рыболовство, рыбоводство": {
    "avg": 4.882100015297702,
    "std": 0.6640952163027798
  },
  "Количество людей с высшим образованием из числа занятых и безработных (тыс.человек)": {
    "avg": 3.8206387803934176,
    "std": 0.9382875153788526
  },
  "Население старше трудоспособного возраста, в % от общей численности населения": {
    "avg": 23.64470588235294,
    "std": 4.722325097370946
  },
  "Численность зрителей театров на 1000 человек населения человек": {
    "avg": 13.868786589932476,
    "std": 4.135676165566947
  },
  "Число предприятий и организаций на 1000 человек": {
    "avg": 2.2251308852976326,
    "std": 0.2506052930997687
  },
  "Число автобусов общего пользования на 100 000 человек населения, штук": {
    "avg": 3.291249596006844,
    "std": 0.3096897861264925
  },
  "Удельный вес городского населения в общей численности населения, в %": {
    "avg": 70.07647058823531,
    "std": 13.345364007191
  },
  "Добыча полезных ископаемых": {
    "avg": 6.803428306402429,
    "std": 2.2307190035873425
  },
  "Площадь территории, тыс. км2": {
    "avg": 3.1080366998266555,
    "std": 1.1475393715295799
  },
  "Выдано патентов на полезные модели": {
    "avg": 2.5204976380660007,
    "std": 1.0935034586696324
  }
}