{
  "Выдано патентов на полезные модели": {
    "avg": 2.5204976380660016,
    "std": 1.0935034586696324
  },
  "Сельское хозяйство, охота и лесное хозяйство; рыболовство, рыбоводство": {
    "avg": 4.882100015297704,
    "std": 0.6640952163027798
  },
  "Производство и распределение электроэнергии, газа и воды": {
    "avg": 5.455056481121234,
    "std": 0.7082291920040347
  },
  "Строительство": {
    "avg": 5.156066794109356,
    "std": 0.9053210957101812
  },
  "Численность зрителей театров на 1000 человек населения человек": {
    "avg": 13.868786589932474,
    "std": 4.135676165566947
  },
  "Обрабатывающие производства": {
    "avg": 5.354803776108851,
    "std": 0.7690162340959844
  },
  "Численность российских туристов, отправленных туристскими фирмами в туры по России, на 1000 человек населения, человек": {
    "avg": 1.7673054328849032,
    "std": 0.5825457782233588
  },
  "Экспорт со странами СНГ (в фактически действовавших ценах; млн. долл.США)": {
    "avg": 3.536517422290566,
    "std": 1.8410485205877487
  },
  "Площадь территории, тыс. км2": {
    "avg": 3.108036699826656,
    "std": 1.1475393715295799
  },
  "Гостиницы и рестораны": {
    "avg": 4.588495330991422,
    "std": 0.5709078202143496
  },
  "Перевозки пассажиров автобусов, млн. Человек": {
    "avg": 3.079274977827436,
    "std": 0.850505243290329
  },
  "Выдано патентов на изобретения": {
    "avg": 3.2317522755053667,
    "std": 1.344804946765635
  },
  "Численность российских туристов, отправленных туристскими фирмами в зарубежные туры, на 1000 человек населения, человек": {
    "avg": 2.5811173048908422,
    "std": 0.8994285112562388
  },
  "Экспорт со странами дальнего зарубежья (в фактически действовавших ценах; млн. долл.США)": {
    "avg": 5.2879878188991425,
    "std": 2.9961236407421064
  },
  "Число посещений музеев на 1000 человек населения человек": {
    "avg": 4.740871451767621,
    "std": 0.9367242230707777
  },
  "Удельный вес сельского населения в общей численности населения, в %": {
    "avg": 29.9235294117647,
    "std": 13.345364007191002
  },
  "Операции с недвижимым имуществом, аренда и предоставление услуг": {
    "avg": 5.588702807950723,
    "std": 0.6485763838960397
  },
  "Численность населения на 1 января 2016 г.,тыс. человек": {
    "avg": 5.995662067542567,
    "std": 1.360449783848872
  },
  "Образование": {
    "avg": 4.269889993820915,
    "std": 0.37403244082365195
  },
  "Число предприятий и организаций на 1000 человек": {
    "avg": 2.2251308852976326,
    "std": 0.25060529309976876
  },
  "Здравоохранение и предоставление социальных услуг": {
    "avg": 4.7596941741676035,
    "std": 0.4841229723339099
  },
  "Число автобусов общего пользования на 100 000 человек населения, штук": {
    "avg": 3.291249596006844,
    "std": 0.3096897861264925
  },
  "Предоставление прочих коммунальных, социальных и персональных услуг": {
    "avg": 4.185811681113918,
    "std": 0.497587748433214
  },
  "Удельный вес городского населения в общей численности населения, в %": {
    "avg": 70.0764705882353,
    "std": 13.345364007191002
  },
  "Добыча полезных ископаемых": {
    "avg": 6.803428306402428,
    "std": 2.2307190035873425
  },
  "Плотность автомобильных дорог общего пользования с твердым покрытием, км путей на 1000 км2 территории": {
    "avg": 3.5934367517323653,
    "std": 1.2051323508685485
  },
  "Количество людей с высшим образованием из числа занятых и безработных (тыс.человек)": {
    "avg": 3.820638780393418,
    "std": 0.9382875153788525
  },
  "Население моложе трудоспособного возраста, в % от общей численности населения": {
    "avg": 2.0809790816670546,
    "std": 0.09514464934111026
  },
  "% инновационных товаров, работ, услуг от общего объема отгруженных товаров, выполненных работ, услуг": {
    "avg": 1.5447760461993125,
    "std": 0.7017760686196032
  },
  "Число зарегистрированных преступлений на 100 000 человек населения": {
    "avg": 1679.6705882352942,
    "std": 573.0340383737672
  },
  "Транспорт и связь": {
    "avg": 5.383346463016847,
    "std": 0.6900986919178028
  },
  "Население старше трудоспособного возраста, в % от общей численности населения": {
    "avg": 23.644705882352945,
    "std": 4.7223250973709465
  },
  "Другие виды деятельности": {
    "avg": 0.03973834602127189,
    "std": 0.21037437124789626
  },
  "Оптовая и розничная торговля; ремонт автотранспортных средств, мотоциклов, бытовых изделий и предметов личного пользования": {
    "avg": 4.9269069424942655,
    "std": 0.7214782886491614
  }
}