{
  "Площадь территории, тыс. км2": {
    "avg": 3.108036699826657,
    "std": 1.1475393715295799
  },
  "Численность населения на 1 января 2016 г.,тыс. человек": {
    "avg": 5.9905142734547665,
    "std": 1.368405543056951
  },
  "Население моложе трудоспособного возраста, в % от общей численности населения": {
    "avg": 2.097302351564846,
    "std": 0.0887769608896611
  },
  "Население старше трудоспособного возраста, в % от общей численности населения": {
    "avg": 25.107058823529407,
    "std": 4.625855424492263
  },
  "Удельный вес городского населения в общей численности населения, в %": {
    "avg": 70.67764705882354,
    "std": 12.990189750645888
  },
  "Удельный вес сельского населения в общей численности населения, в %": {
    "avg": 29.322352941176465,
    "std": 12.990189750645888
  },
  "Число автобусов общего пользования на 100 000 человек населения, штук": {
    "avg": 3.269319800240154,
    "std": 0.29216716557336175
  },
  "Перевозки пассажиров автобусов, млн. Человек": {
    "avg": 3.0189886279736595,
    "std": 0.8575517270858681
  },
  "Плотность автомобильных дорог общего пользования с твердым покрытием, км путей на 1000 км2 территории": {
    "avg": 3.6233893411145908,
    "std": 1.2173737159252473
  },
  "Количество людей с высшим образованием из числа занятых и безработных (тыс.человек)": {
    "avg": 3.7665371528407174,
    "std": 0.9509933586865313
  },
  "Выдано патентов на изобретения": {
    "avg": 3.176192778902138,
    "std": 1.2774089390259282
  },
  "Выдано патентов на полезные модели": {
    "avg": 2.5480500519103635,
    "std": 1.1827547297820689
  },
  "% инновационных товаров, работ, услуг от общего объема отгруженных товаров, выполненных работ, услуг": {
    "avg": 1.498542502689127,
    "std": 0.6820686041443057
  },
  "Сельское хозяйство, охота и лесное хозяйство; рыболовство, рыбоводство": {
    "avg": 5.281111112067743,
    "std": 0.7921952916500686
  },
  "Добыча полезных ископаемых": {
    "avg": 7.373481594334633,
    "std": 2.6663763780198018
  },
  "Обрабатывающие производства": {
    "avg": 5.629476745124678,
    "std": 0.9697879534652049
  },
  "Производство и распределение электроэнергии, газа и воды": {
    "avg": 5.6609309286112985,
    "std": 0.7015940833002421
  },
  "Строительство": {
    "avg": 5.18759453492209,
    "std": 0.8158712656415225
  },
  "Оптовая и розничная торговля; ремонт автотранспортных средств, мотоциклов, бытовых изделий и предметов личного пользования": {
    "avg": 4.982147142121302,
    "std": 0.6861454630785486
  },
  "Гостиницы и рестораны": {
    "avg": 4.547285276131622,
    "std": 0.5767966136569391
  },
  "Транспорт и связь": {
    "avg": 5.582815658263766,
    "std": 0.722161997765694
  },
  "Операции с недвижимым имуществом, аренда и предоставление услуг": {
    "avg": 6.441549966585067,
    "std": 0.8507951224401392
  },
  "Образование": {
    "avg": 4.534186103023084,
    "std": 0.3786325378940169
  },
  "Здравоохранение и предоставление социальных услуг": {
    "avg": 5.1367085990331205,
    "std": 0.5013456635640947
  },
  "Предоставление прочих коммунальных, социальных и персональных услуг": {
    "avg": 3.802618185430732,
    "std": 0.5585029248625115
  },
  "Другие виды деятельности": {
    "avg": 5.23391546993915,
    "std": 0.4207572323184479
  },
  "Число предприятий и организаций на 1000 человек": {
    "avg": 2.1788613037763715,
    "std": 0.19511822567811582
  },
  "Экспорт со странами дальнего зарубежья (в фактически действовавших ценах; млн. долл.США)": {
    "avg": 5.695627582486129,
    "std": 3.165470962190812
  },
  "Экспорт со странами СНГ (в фактически действовавших ценах; млн. долл.США)": {
    "avg": 3.671619316931845,
    "std": 1.9712226947503957
  },
  "Численность зрителей театров на 1000 человек населения человек": {
    "avg": 14.357739170038764,
    "std": 4.2615969164241445
  },
  "Число посещений музеев на 1000 человек населения человек": {
    "avg": 4.695874297000314,
    "std": 0.9700132036329967
  },
  "Численность российских туристов, отправленных туристскими фирмами в туры по России, на 1000 человек населения, человек": {
    "avg": 1.6426458111285696,
    "std": 0.6397202481407062
  },
  "Численность российских туристов, отправленных туристскими фирмами в зарубежные туры, на 1000 человек населения, человек": {
    "avg": 1.804486710965071,
    "std": 0.6942823608523945
  },
  "Число зарегистрированных преступлений на 100 000 человек населения": {
    "avg": 27.503002799352647,
    "std": 4.989016240043792
  }
}