{
  "Экспорт со странами СНГ (в фактически действовавших ценах; млн. долл.США)": {
    "std": 1.8410485205877487,
    "avg": 3.536517422290567
  },
  "Число автобусов общего пользования на 100 000 человек населения, штук": {
    "std": 0.3096897861264925,
    "avg": 3.2912495960068435
  },
  "Численность российских туристов, отправленных туристскими фирмами в туры по России, на 1000 человек населения, человек": {
    "std": 0.5825457782233588,
    "avg": 1.7673054328849038
  },
  "Здравоохранение и предоставление социальных услуг": {
    "std": 0.4841229723339099,
    "avg": 4.7596941741676035
  },
  "Оптовая и розничная торговля; ремонт автотранспортных средств, мотоциклов, бытовых изделий и предметов личного пользования": {
    "std": 0.7214782886491613,
    "avg": 4.9269069424942655
  },
  "% инновационных товаров, работ, услуг от общего объема отгруженных товаров, выполненных работ, услуг": {
    "std": 0.7017760686196032,
    "avg": 1.5447760461993125
  },
  "Удельный вес сельского населения в общей численности населения, в %": {
    "std": 13.345364007191002,
    "avg": 29.923529411764704
  },
  "Обрабатывающие производства": {
    "std": 0.7690162340959844,
    "avg": 5.354803776108852
  },
  "Количество людей с высшим образованием из числа занятых и безработных (тыс.человек)": {
    "std": 0.9382875153788525,
    "avg": 3.820638780393418
  },
  "Численность зрителей театров на 1000 человек населения человек": {
    "std": 4.135676165566947,
    "avg": 13.868786589932474
  },
  "Площадь территории, тыс. км2": {
    "std": 1.1475393715295796,
    "avg": 3.108036699826657
  },
  "Перевозки пассажиров автобусов, млн. Человек": {
    "std": 0.8505052432903288,
    "avg": 3.079274977827436
  },
  "Выдано патентов на полезные модели": {
    "std": 1.0935034586696322,
    "avg": 2.5204976380660016
  },
  "Гостиницы и рестораны": {
    "std": 0.5709078202143496,
    "avg": 4.588495330991422
  },
  "Операции с недвижимым имуществом, аренда и предоставление услуг": {
    "std": 0.6485763838960396,
    "avg": 5.588702807950723
  },
  "Строительство": {
    "std": 0.9053210957101813,
    "avg": 5.156066794109356
  },
  "Сельское хозяйство, охота и лесное хозяйство; рыболовство, рыбоводство": {
    "std": 0.6640952163027798,
    "avg": 4.882100015297703
  },
  "Число посещений музеев на 1000 человек населения человек": {
    "std": 0.9367242230707777,
    "avg": 4.740871451767621
  },
  "Производство и распределение электроэнергии, газа и воды": {
    "std": 0.7082291920040347,
    "avg": 5.455056481121234
  },
  "Плотность автомобильных дорог общего пользования с твердым покрытием, км путей на 1000 км2 территории": {
    "std": 1.2051323508685488,
    "avg": 3.5934367517323653
  },
  "Население моложе трудоспособного возраста, в % от общей численности населения": {
    "std": 0.09514464934111026,
    "avg": 2.0809790816670546
  },
  "Другие виды деятельности": {
    "std": 0.21037437124789626,
    "avg": 0.03973834602127189
  },
  "Образование": {
    "std": 0.37403244082365195,
    "avg": 4.269889993820915
  },
  "Численность населения на 1 января 2016 г.,тыс. человек": {
    "std": 1.3604497838488718,
    "avg": 5.995662067542568
  },
  "Численность российских туристов, отправленных туристскими фирмами в зарубежные туры, на 1000 человек населения, человек": {
    "std": 0.8994285112562386,
    "avg": 2.5811173048908427
  },
  "Число предприятий и организаций на 1000 человек": {
    "std": 0.25060529309976876,
    "avg": 2.2251308852976326
  },
  "Предоставление прочих коммунальных, социальных и персональных услуг": {
    "std": 0.4975877484332141,
    "avg": 4.18581168111392
  },
  "Экспорт со странами дальнего зарубежья (в фактически действовавших ценах; млн. долл.США)": {
    "std": 2.996123640742107,
    "avg": 5.287987818899143
  },
  "Удельный вес городского населения в общей численности населения, в %": {
    "std": 13.345364007191003,
    "avg": 70.0764705882353
  },
  "Выдано патентов на изобретения": {
    "std": 1.344804946765635,
    "avg": 3.2317522755053667
  },
  "Добыча полезных ископаемых": {
    "std": 2.2307190035873425,
    "avg": 6.803428306402429
  },
  "Транспорт и связь": {
    "std": 0.6900986919178028,
    "avg": 5.383346463016847
  },
  "Население старше трудоспособного возраста, в % от общей численности населения": {
    "std": 4.722325097370946,
    "avg": 23.64470588235294
  },
  "Число зарегистрированных преступлений на 100 000 человек населения": {
    "std": 573.0340383737672,
    "avg": 1679.6705882352942
  }
}