{
  "Пензенская область": 0.9062625784993821,
  "г. Москва": 7.774152950923781,
  "Свердловская область": 0.48101251721354477,
  "Чукотский автономный округ": 5.0723272431335005,
  "Ульяновская область": 0.699327061678173,
  "Курская область": 0.6460182002597188,
  "Ивановская область": 0.8179105997344659,
  "Республика Северная Осетия-Алания": 1.776869506487714,
  "Саратовская область": 0.4532443562298507,
  "Республика Калмыкия": 2.7351336142522302,
  "Чеченская Республика": 3.7191149536726744,
  "Республика Хакасия": 1.1250521791554056,
  "Республика Дагестан": 2.125669844766142,
  "Удмуртская Республика": 0.38505474598922784,
  "Краснодарский край": 0.616619602689286,
  "Приморский край": 0.5344338835621268,
  "Республика Алтай": 2.22550369793178,
  "Курганская область": 0.9312972618401014,
  "Республика Крым": 2.8433261666418157,
  "Камчатский край": 1.629454359137825,
  "Республика Карелия": 0.9487154596877589,
  "Республика Марий Эл": 1.0683589697582745,
  "Ставропольский край": 0.7534885590689323,
  "г. Санкт-Петербург": 2.8306027434380643,
  "Архангельская область": 1.5808315627176255,
  "Тамбовская область": 1.3394106825464602,
  "Белгородская область": 0.5307599707782578,
  "Республика Ингушетия": 3.9794400213062775,
  "Нижегородская область": 0.357923233169201,
  "Смоленская область": 0.737589526998646,
  "Самарская область": 0.34612174943549634,
  "Тюменская область": 1.5657566159747853,
  "Ярославская область": 0.5388611759315108,
  "Республика Саха (Якутия)": 0.9597781136123034,
  "Новгородская область": 1.0117421283336465,
  "Мурманская область": 1.0062913996117753,
  "Костромская область": 0.9720812003279006,
  "Ростовская область": 0.4395454546575709,
  "Вологодская область": 0.5684856987003606,
  "Амурская область": 1.1911081687897298,
  "Республика Мордовия": 1.060969300058567,
  "г. Севастополь": 3.0570474519628656,
  "Калужская область": 0.7340854382421019,
  "Псковская область": 1.26047281236199,
  "Рязанская область": 0.7528204322107579,
  "Чувашская Республика": 1.5781824003939862,
  "Пермский край": 0.0,
  "Алтайский край": 0.4888964689999876,
  "Оренбургская область": 0.6261812356393873,
  "Республика Адыгея": 2.4718852424195585,
  "Тверская область": 0.654226148987466,
  "Кемеровская область": 0.4122521866542495,
  "Липецкая область": 0.7525395072240688,
  "Кабардино-Балкарская Республика": 1.9358147958994474,
  "Ямало-Ненецкий автономный округ": 2.732452105398637,
  "Республика Татарстан": 0.5606024024655644,
  "Красноярский край": 0.34582874079928094,
  "Новосибирская область": 0.5197338428349124,
  "Ненецкий автономный округ": 5.243414208312708,
  "Хабаровский край": 1.073620612007334,
  "Ханты-Мансийский автономный округ-Югра": 0.8848045763528741,
  "Омская область": 0.40717369400289305,
  "Республика Тыва": 3.2042797353244006,
  "Республика Бурятия": 0.9277259307467377,
  "Еврейская автономная область": 2.6259790181099874,
  "Воронежская область": 0.41990125957009866,
  "Томская область": 0.5211924665487659,
  "Челябинская область": 0.2815229616221201,
  "Брянская область": 0.9631956457322901,
  "Республика Башкортостан": 0.42060614350455244,
  "Ленинградская область": 0.7111275758320265,
  "Республика Коми": 0.7187925792474652,
  "Сахалинская область": 1.7797294618509776,
  "Астраханская область": 0.843922010790727,
  "Магаданская область": 2.1699560694909,
  "Волгоградская область": 0.44036185572690134,
  "Владимирская область": 0.6911203743336813,
  "Кировская область": 0.5182087938525721,
  "Тульская область": 0.5989469623011329,
  "Орловская область": 0.9209711780143219,
  "Забайкальский край": 1.5545206922391381,
  "Калининградская область": 0.9117092173872601,
  "Карачаево-Черкесская Республика": 2.6618842156821994,
  "Московская область": 1.455027468604297,
  "Иркутская область": 0.21903393420537898
}