{
  "Республика Северная Осетия-Алания": 1.7768695064877131,
  "Сахалинская область": 1.7797294618509776,
  "Тверская область": 0.654226148987466,
  "Краснодарский край": 0.616619602689286,
  "Новосибирская область": 0.5197338428349126,
  "Республика Адыгея": 2.4718852424195585,
  "Республика Саха (Якутия)": 0.9597781136123037,
  "Республика Бурятия": 0.9277259307467376,
  "Воронежская область": 0.4199012595700986,
  "Ивановская область": 0.8179105997344659,
  "Брянская область": 0.96319564573229,
  "Саратовская область": 0.45324435622985065,
  "Республика Башкортостан": 0.4206061435045524,
  "Республика Карелия": 0.9487154596877589,
  "Пензенская область": 0.9062625784993821,
  "Камчатский край": 1.629454359137825,
  "Хабаровский край": 1.073620612007334,
  "г. Санкт-Петербург": 2.8306027434380643,
  "Пермский край": 0.0,
  "Приморский край": 0.534433883562127,
  "Республика Крым": 2.8433261666418166,
  "Республика Мордовия": 1.0609693000585667,
  "Забайкальский край": 1.5545206922391381,
  "Ленинградская область": 0.7111275758320261,
  "Республика Марий Эл": 1.0683589697582747,
  "Нижегородская область": 0.35792323316920094,
  "Астраханская область": 0.8439220107907273,
  "Ямало-Ненецкий автономный округ": 2.732452105398637,
  "Амурская область": 1.1911081687897294,
  "Волгоградская область": 0.44036185572690145,
  "Алтайский край": 0.4888964689999876,
  "Иркутская область": 0.219033934205379,
  "Томская область": 0.5211924665487658,
  "Республика Коми": 0.7187925792474653,
  "Ненецкий автономный округ": 5.243414208312708,
  "Владимирская область": 0.6911203743336812,
  "Белгородская область": 0.5307599707782577,
  "Чукотский автономный округ": 5.0723272431335,
  "Орловская область": 0.9209711780143217,
  "Новгородская область": 1.0117421283336467,
  "Мурманская область": 1.0062913996117753,
  "Республика Калмыкия": 2.7351336142522302,
  "Калининградская область": 0.9117092173872601,
  "Самарская область": 0.34612174943549634,
  "Омская область": 0.40717369400289305,
  "Тамбовская область": 1.3394106825464602,
  "г. Москва": 7.7741529509237814,
  "Оренбургская область": 0.6261812356393873,
  "Ханты-Мансийский автономный округ-Югра": 0.884804576352874,
  "Республика Татарстан": 0.5606024024655644,
  "Челябинская область": 0.2815229616221201,
  "г. Севастополь": 3.057047451962865,
  "Свердловская область": 0.4810125172135449,
  "Ярославская область": 0.5388611759315108,
  "Кемеровская область": 0.41225218665424956,
  "Карачаево-Черкесская Республика": 2.661884215682199,
  "Удмуртская Республика": 0.38505474598922773,
  "Кировская область": 0.5182087938525719,
  "Ульяновская область": 0.6993270616781728,
  "Липецкая область": 0.7525395072240688,
  "Республика Дагестан": 2.125669844766142,
  "Республика Ингушетия": 3.9794400213062775,
  "Тульская область": 0.598946962301133,
  "Курганская область": 0.9312972618401014,
  "Вологодская область": 0.5684856987003606,
  "Чеченская Республика": 3.7191149536726753,
  "Еврейская автономная область": 2.6259790181099882,
  "Республика Хакасия": 1.1250521791554056,
  "Смоленская область": 0.737589526998646,
  "Ростовская область": 0.43954545465757094,
  "Кабардино-Балкарская Республика": 1.935814795899447,
  "Калужская область": 0.7340854382421019,
  "Костромская область": 0.9720812003279002,
  "Псковская область": 1.2604728123619904,
  "Тюменская область": 1.565756615974785,
  "Республика Алтай": 2.225503697931781,
  "Магаданская область": 2.1699560694909,
  "Республика Тыва": 3.2042797353244015,
  "Чувашская Республика": 1.5781824003939855,
  "Рязанская область": 0.7528204322107579,
  "Ставропольский край": 0.7534885590689322,
  "Курская область": 0.6460182002597189,
  "Московская область": 1.4550274686042972,
  "Архангельская область": 1.5808315627176253,
  "Красноярский край": 0.34582874079928094
}