{
  "Пермский край": 0.0,
  "Белгородская область": 2.904970444339175,
  "Брянская область": 2.228156539487999,
  "Владимирская область": 1.1506498258988973,
  "Воронежская область": 2.796215417632771,
  "Ивановская область": 2.216348140668652,
  "Калужская область": 0.741347601232443,
  "Костромская область": 1.613685741919185,
  "Курская область": 2.823894372558528,
  "Липецкая область": 5.172302011656279,
  "Московская область": 2.425233685096192,
  "Орловская область": 4.0711348409517605,
  "Рязанская область": 1.5605402422757813,
  "Смоленская область": 1.6121229630071254,
  "Тамбовская область": 8.755555400601748,
  "Тверская область": 0.9799228710671941,
  "Тульская область": 1.0633384578859166,
  "Ярославская область": 1.7027314992437708,
  "г. Москва": 25.061271516786775,
  "Республика Карелия": 1.7589052535150667,
  "Республика Коми": 1.0997919552617472,
  "Архангельская область": 0.8736320199578614,
  "Ненецкий автономный округ": 6.119090187346299,
  "Вологодская область": 0.9979356565178169,
  "Калининградская область": 1.2450838654614358,
  "Ленинградская область": 5.221881104200281,
  "Мурманская область": 9.844781558084506,
  "Новгородская область": 2.192331715611382,
  "Псковская область": 2.3726968759490275,
  "г. Санкт-Петербург": 21.82383492784446,
  "Республика Адыгея": 28.771272548277796,
  "Республика Калмыкия": 32.45081445208777,
  "Краснодарский край": 14.139588373998135,
  "Астраханская область": 3.689592542984886,
  "Волгоградская область": 0.71535425766714,
  "Ростовская область": 2.413047797839472,
  "Республика Дагестан": 34.08521857162014,
  "Республика Ингушетия": 20.096290637614562,
  "Кабардино-Балкарская Республика": 20.414646235949043,
  "Карачаево-Черкесская Республика": 37.58923260684654,
  "Республика Северная Осетия-Алания": 6.420170105700206,
  "Чеченская Республика": 56.30927293178101,
  "Ставропольский край": 10.273777534893819,
  "Республика Башкортостан": 6.316453494819733,
  "Республика Марий Эл": 3.926926269978509,
  "Республика Мордовия": 6.126600160422505,
  "Республика Татарстан": 0.5917580130744123,
  "Удмуртская Республика": 3.5259677551509028,
  "Чувашская Республика": 6.135641093150463,
  "Кировская область": 0.9379144491214373,
  "Нижегородская область": 0.8571338356339769,
  "Оренбургская область": 8.331973252066899,
  "Пензенская область": 2.8902214010673735,
  "Самарская область": 0.8674757298848194,
  "Саратовская область": 0.6107629016637937,
  "Ульяновская область": 0.8805688925256963,
  "Курганская область": 7.563161074291895,
  "Свердловская область": 2.975389900097656,
  "Тюменская область": 2.9927128636233125,
  "Ханты-Мансийский автономный округ-Югра": 10.957767838997835,
  "Ямало-Ненецкий автономный округ": 7.550077377292076,
  "Челябинская область": 1.8186468080475444,
  "Республика Алтай": 72.22256082759756,
  "Республика Бурятия": 10.569193008889565,
  "Республика Тыва": 21.571924491996615,
  "Республика Хакасия": 3.002054982798584,
  "Алтайский край": 12.312971494222667,
  "Забайкальский край": 3.68098928534532,
  "Красноярский край": 0.5415035672560206,
  "Иркутская область": 0.6982020509370216,
  "Кемеровская область": 3.9272119914273955,
  "Новосибирская область": 0.7550160837701354,
  "Омская область": 0.6607864457484603,
  "Томская область": 0.9396335314902972,
  "Республика Саха (Якутия)": 5.330036678658978,
  "Камчатский край": 2.783577788930651,
  "Приморский край": 0.5622516483877038,
  "Хабаровский край": 1.835071260730186,
  "Амурская область": 3.5342350549133608,
  "Магаданская область": 15.460724732496848,
  "Сахалинская область": 3.175420151580876,
  "Еврейская автономная область": 4.578797663515475,
  "Чукотский автономный округ": 7.5947983371970755,
  "Республика Крым": 21.233260190712976,
  "г. Севастополь": 11.61179042319197
}