{
  "Орловская область": 0.9209711780143217,
  "Ленинградская область": 0.7111275758320263,
  "Кабардино-Балкарская Республика": 1.935814795899447,
  "Брянская область": 0.9631956457322897,
  "Республика Калмыкия": 2.7351336142522302,
  "Вологодская область": 0.5684856987003606,
  "Ямало-Ненецкий автономный округ": 2.7324521053986364,
  "Республика Крым": 2.8433261666418157,
  "Чувашская Республика": 1.578182400393986,
  "Иркутская область": 0.2190339342053789,
  "Ивановская область": 0.8179105997344661,
  "Ярославская область": 0.5388611759315107,
  "Оренбургская область": 0.6261812356393873,
  "Еврейская автономная область": 2.6259790181099874,
  "Республика Карелия": 0.9487154596877589,
  "Кемеровская область": 0.41225218665424956,
  "Калужская область": 0.7340854382421018,
  "Астраханская область": 0.8439220107907272,
  "Республика Татарстан": 0.5606024024655645,
  "Челябинская область": 0.2815229616221201,
  "Воронежская область": 0.41990125957009866,
  "Новосибирская область": 0.5197338428349125,
  "Камчатский край": 1.6294543591378252,
  "Владимирская область": 0.6911203743336811,
  "Тюменская область": 1.5657566159747855,
  "Республика Дагестан": 2.1256698447661417,
  "Самарская область": 0.3461217494354963,
  "Республика Адыгея": 2.471885242419559,
  "Калининградская область": 0.9117092173872601,
  "Амурская область": 1.1911081687897294,
  "Республика Мордовия": 1.060969300058567,
  "Новгородская область": 1.0117421283336463,
  "Саратовская область": 0.4532443562298507,
  "Пензенская область": 0.9062625784993821,
  "Приморский край": 0.5344338835621268,
  "Республика Тыва": 3.2042797353244006,
  "Ульяновская область": 0.699327061678173,
  "Краснодарский край": 0.616619602689286,
  "Республика Марий Эл": 1.0683589697582747,
  "Удмуртская Республика": 0.3850547459892279,
  "Свердловская область": 0.4810125172135448,
  "Пермский край": 0.0,
  "г. Санкт-Петербург": 2.8306027434380643,
  "Нижегородская область": 0.357923233169201,
  "Красноярский край": 0.34582874079928083,
  "Архангельская область": 1.580831562717625,
  "Курганская область": 0.9312972618401015,
  "Чукотский автономный округ": 5.0723272431335,
  "Ставропольский край": 0.7534885590689322,
  "Костромская область": 0.9720812003279007,
  "Тамбовская область": 1.3394106825464605,
  "Тверская область": 0.6542261489874659,
  "Ханты-Мансийский автономный округ-Югра": 0.8848045763528744,
  "Чеченская Республика": 3.7191149536726753,
  "Тульская область": 0.5989469623011325,
  "Кировская область": 0.518208793852572,
  "г. Москва": 7.774152950923784,
  "Магаданская область": 2.1699560694908997,
  "Московская область": 1.4550274686042972,
  "Алтайский край": 0.4888964689999876,
  "Омская область": 0.4071736940028931,
  "Республика Северная Осетия-Алания": 1.7768695064877138,
  "Республика Бурятия": 0.9277259307467375,
  "Республика Алтай": 2.22550369793178,
  "Республика Коми": 0.7187925792474651,
  "Рязанская область": 0.7528204322107578,
  "Томская область": 0.5211924665487657,
  "Хабаровский край": 1.073620612007334,
  "Забайкальский край": 1.5545206922391381,
  "Республика Башкортостан": 0.4206061435045524,
  "Республика Саха (Якутия)": 0.9597781136123035,
  "Курская область": 0.6460182002597189,
  "Смоленская область": 0.7375895269986459,
  "Мурманская область": 1.0062913996117753,
  "Волгоградская область": 0.44036185572690145,
  "Республика Ингушетия": 3.9794400213062766,
  "г. Севастополь": 3.0570474519628656,
  "Ростовская область": 0.43954545465757083,
  "Сахалинская область": 1.7797294618509774,
  "Карачаево-Черкесская Республика": 2.6618842156821985,
  "Белгородская область": 0.5307599707782575,
  "Республика Хакасия": 1.1250521791554056,
  "Ненецкий автономный округ": 5.243414208312707,
  "Липецкая область": 0.7525395072240687,
  "Псковская область": 1.2604728123619902
}