{
  "Забайкальский край": 3.843626784445669,
  "Алтайский край": 12.507982051212224,
  "Кировская область": 0.7790446434751269,
  "Вологодская область": 1.0423010571506657,
  "Пензенская область": 2.919871772561974,
  "Ростовская область": 2.464827334106189,
  "Астраханская область": 3.4852801691474835,
  "Тверская область": 1.0088360647500167,
  "Республика Адыгея": 27.91504994320627,
  "Республика Карелия": 1.6912196377695727,
  "Омская область": 0.7391119313169724,
  "Курская область": 3.063251555053989,
  "Кабардино-Балкарская Республика": 19.706483924664646,
  "Калужская область": 0.9270053004366012,
  "Ставропольский край": 10.26518386846778,
  "Архангельская область": 1.7534642369914417,
  "Республика Мордовия": 7.1770221310313955,
  "Республика Калмыкия": 32.351829239690176,
  "Калининградская область": 1.13047691200565,
  "Курганская область": 7.227751486740426,
  "Ульяновская область": 0.9268703310489846,
  "Рязанская область": 1.8031891190880633,
  "Республика Алтай": 71.39523850833716,
  "Липецкая область": 5.078132293930557,
  "г. Санкт-Петербург": 21.822806528976418,
  "Удмуртская Республика": 3.5693415636637567,
  "Свердловская область": 3.0148940503036523,
  "Амурская область": 3.4447349655957877,
  "Пермский край": 0.0,
  "Карачаево-Черкесская Республика": 37.28531056100276,
  "Ямало-Ненецкий автономный округ": 8.018573924264624,
  "Костромская область": 1.6856933864084271,
  "Красноярский край": 0.4724976142800375,
  "Чукотский автономный округ": 8.332822090412897,
  "Орловская область": 3.8345711989157314,
  "Магаданская область": 14.961512910910633,
  "Ленинградская область": 5.024044674329195,
  "Кемеровская область": 3.735158949064431,
  "Краснодарский край": 15.100460188698822,
  "Ярославская область": 1.974413219992067,
  "г. Севастополь": 12.688309234382114,
  "Еврейская автономная область": 4.281136432312808,
  "Волгоградская область": 0.5962363058639385,
  "Приморский край": 0.6780204712719985,
  "Иркутская область": 0.6638647292613804,
  "Томская область": 0.9544792120061718,
  "Челябинская область": 1.8527386102170786,
  "Республика Хакасия": 2.7373816163308926,
  "Оренбургская область": 8.472898642515258,
  "Ханты-Мансийский автономный округ-Югра": 11.30126746236005,
  "Псковская область": 2.525484820613659,
  "Республика Башкортостан": 6.491672915441796,
  "Белгородская область": 2.9351903535786605,
  "Тюменская область": 5.090060389273182,
  "Республика Тыва": 20.576817427203196,
  "Новгородская область": 2.101540525680453,
  "Самарская область": 1.1251861184524705,
  "Республика Коми": 1.0224153007182697,
  "Тамбовская область": 9.413639566145964,
  "Сахалинская область": 2.9582166577242943,
  "Республика Саха (Якутия)": 5.386417368359583,
  "Республика Крым": 22.59157833096692,
  "г. Москва": 24.95559882664626,
  "Воронежская область": 2.986170698119933,
  "Чувашская Республика": 8.075205710589126,
  "Московская область": 2.6120563092564604,
  "Чеченская Республика": 59.949839361539254,
  "Республика Северная Осетия-Алания": 6.124581566094006,
  "Республика Ингушетия": 43.998004929824205,
  "Мурманская область": 10.226807512072504,
  "Республика Дагестан": 33.90382975166085,
  "Тульская область": 1.1830859750422307,
  "Камчатский край": 2.1442558834229852,
  "Хабаровский край": 2.417254363306564,
  "Республика Татарстан": 0.6089086314209532,
  "Владимирская область": 1.1817365191895155,
  "Республика Марий Эл": 4.307628296306691,
  "Смоленская область": 1.3489153813084251,
  "Ивановская область": 2.1491476285221696,
  "Нижегородская область": 1.0170908268580652,
  "Республика Бурятия": 10.068919322669252,
  "Брянская область": 2.1437650408656936,
  "Саратовская область": 0.5736467694943244,
  "Ненецкий автономный округ": 6.532168079070613,
  "Новосибирская область": 0.8278245803651245
}