{
  "Пермский край": 306.43999999999994,
  "Белгородская область": 245.9992,
  "Брянская область": 164.07500000000002,
  "Владимирская область": 177.1928,
  "Воронежская область": 375.8338,
  "Ивановская область": 133.5897,
  "Калужская область": 162.583,
  "Костромская область": 75.164,
  "Курская область": 186.48980000000003,
  "Липецкая область": 179.67180000000002,
  "Московская область": 1431.7607999999998,
  "Орловская область": 118.241,
  "Рязанская область": 158.675,
  "Смоленская область": 139.7075,
  "Тамбовская область": 134.495,
  "Тверская область": 155.03,
  "Тульская область": 225.5208,
  "Ярославская область": 201.90240000000003,
  "г. Москва": 4434.165400000001,
  "Республика Карелия": 82.67,
  "Республика Коми": 117.80929999999998,
  "Архангельская область": 140.5638,
  "Ненецкий автономный округ": 9.711,
  "Вологодская область": 144.4901,
  "Калининградская область": 156.58319999999998,
  "Ленинградская область": 251.51919999999998,
  "Мурманская область": 121.98419999999999,
  "Новгородская область": 74.056,
  "Псковская область": 76.6361,
  "г. Санкт-Петербург": 1387.821,
  "Республика Адыгея": 62.912000000000006,
  "Республика Калмыкия": 49.336999999999996,
  "Краснодарский край": 733.4802999999999,
  "Астраханская область": 169.776,
  "Волгоградская область": 382.9463999999999,
  "Ростовская область": 613.1695,
  "Республика Дагестан": 433.47310000000004,
  "Республика Ингушетия": 77.9404,
  "Кабардино-Балкарская Республика": 134.138,
  "Карачаево-Черкесская Республика": 83.7384,
  "Республика Северная Осетия-Алания": 146.44799999999998,
  "Чеченская Республика": 160.3892,
  "Ставропольский край": 470.6403,
  "Республика Башкортостан": 505.29169999999993,
  "Республика Марий Эл": 84.26559999999999,
  "Республика Мордовия": 144.1611,
  "Республика Татарстан": 702.3456,
  "Удмуртская Республика": 188.2975,
  "Чувашская Республика": 166.95579999999998,
  "Кировская область": 159.25979999999998,
  "Нижегородская область": 531.7086999999999,
  "Оренбургская область": 270.74479999999994,
  "Пензенская область": 191.03879999999998,
  "Самарская область": 635.4757,
  "Саратовская область": 366.8332,
  "Ульяновская область": 180.38299999999998,
  "Курганская область": 88.246,
  "Свердловская область": 638.482,
  "Тюменская область": 239.43699999999998,
  "Ханты-Мансийский автономный округ-Югра": 404.3310000000001,
  "Ямало-Ненецкий автономный округ": 193.11959999999996,
  "Челябинская область": 583.1940000000001,
  "Республика Алтай": 29.017399999999995,
  "Республика Бурятия": 147.25889999999998,
  "Республика Тыва": 41.397800000000004,
  "Республика Хакасия": 64.3643,
  "Алтайский край": 288.81159999999994,
  "Забайкальский край": 123.184,
  "Красноярский край": 424.94259999999997,
  "Иркутская область": 329.08219999999994,
  "Кемеровская область": 341.686,
  "Новосибирская область": 482.74100000000004,
  "Омская область": 264.6225,
  "Томская область": 182.8756,
  "Республика Саха (Якутия)": 165.32599999999996,
  "Камчатский край": 66.2454,
  "Приморский край": 329.7080000000001,
  "Хабаровский край": 261.501,
  "Амурская область": 125.3625,
  "Магаданская область": 34.209199999999996,
  "Сахалинская область": 86.7291,
  "Еврейская автономная область": 15.584,
  "Чукотский автономный округ": 11.910199999999998,
  "Республика Крым": 301.29019999999997,
  "г. Севастополь": 89.31800000000001
}